frame,x,y,
0,310.000000,320.000000,
1,310.000000,320.000000,
2,310.000000,320.000000,
3,310.000000,320.000000,
4,310.000000,320.000000,
5,310.000000,320.000000,
6,310.000000,320.000000,
7,310.000000,320.000000,
8,310.000000,320.000000,
9,310.000000,320.000000,
